Movie Name,Year,City,State,Type
Toy Story ,1995,Basildon,England,Adventure
Jumanji ,1995,Parkville                   ,MO,Adventure
Grumpier Old Men ,1995,Astoria                     ,OR,Comedy
Waiting to Exhale ,1995,Echuca,Victoria,Comedy
Father of the Bride Part II ,1995,Cahaba Heights              ,AL,Comedy
Heat ,1995,Mickleton                   ,NJ,Action
Sabrina ,1995,Peoria                      ,IL,Comedy
Tom and Huck ,1995,Martin                      ,TN,Adventure
Sudden Death ,1995,Tel Aviv,Tel Aviv,Action
GoldenEye ,1995,Chatou,Ile-de-France,Action
"American President, The ",1995,New York                    ,NY,Comedy
Dracula: Dead and Loving It ,1995,Eindhoven,Noord-Brabant,Comedy
Balto ,1995,Shavano Park                ,TX,Adventure
Nixon ,1995,Eagle                       ,ID,Drama
Cutthroat Island ,1995,Riverside                   ,NJ,Action
Casino ,1995,Julianstown,Meath,Crime
Sense and Sensibility ,1995,Ottawa,Ontario,Drama
Four Rooms ,1995,Hyderabad,Andhra Pradesh,Comedy
Ace Ventura: When Nature Calls ,1995,London,England,Comedy
Money Train ,1995,Salt Lake City              ,UT,Action
Get Shorty ,1995,Manchester,England,Comedy
Copycat ,1995,Ballynora,Cork,Crime
Assassins ,1995,Roodepoort,Gauteng,Action
Powder ,1995,Chula Vista                 ,CA,Drama
Leaving Las Vegas ,1995,Kuopio,Ita-Suomen Laani,Drama
Othello ,1995,Sugar Land                  ,TX,Drama
Now and Then ,1995,New York                    ,NY,Children
Persuasion ,1995,London,England,Drama
"City of Lost Children, The ","Cité des enfants perdus, La",Morton                      ,IL,Adventure
Shanghai Triad ,Yao a yao yao dao waipo qiao,Los Gatos                   ,CA,Crime
Dangerous Minds ,1995,New York                    ,NY,Drama
Twelve Monkeys ,a.k.a. 12 Monkeys,Miami                       ,FL,Mystery
Babe ,1995,Vesenaz,Geneve,Children
Dead Man Walking ,1995,Brooklyn                    ,NY,Crime
It Takes Two ,1995,Badhoevedorp,Noord-Holland,Children
Clueless ,1995,Reston                      ,VA,Comedy
"Cry, the Beloved Country ",1995,Burpengary,Queensland,Drama
Richard III ,1995,Phoenix                     ,AZ,Drama
Dead Presidents ,1995,Houston                     ,TX,Action
Restoration ,1995,Pittsfield                  ,VT,Drama
Mortal Kombat ,1995,Pittsfield                  ,VT,Action
To Die For ,1995,Ball Ground                 ,GA,Comedy
How to Make an American Quilt ,1995,Helsingor,Frederiksborg,Drama
Seven ,a.k.a. Se7en,Flossmoor                   ,IL,Mystery
Pocahontas ,1995,Houston                     ,TX,Animation
When Night Is Falling ,1995,Delray Beach                ,FL,Drama
"Usual Suspects, The ",1995,Newbury,England,Crime
Mighty Aphrodite ,1995,Kobenhavn,Kobenhavn,Comedy
Lamerica ,1994,Sandy Springs               ,GA,Adventure
"Big Green, The ",1995,Kinsaley,Dublin,Children
Georgia ,1995,Fort Lauderdale             ,FL,Drama
Home for the Holidays ,1995,Melbourne,Victoria,Drama
"Postman, The ","Postino, Il",Ankeny                      ,IA,Comedy
"Indian in the Cupboard, The ",1995,Pittsboro                   ,NC,Adventure
Eye for an Eye ,1996,New Rochelle                ,NY,Drama
Mr. Holland's Opus ,1995,Gold Coast,Queensland,Drama
Don't Be a Menace to South Central While Drinking Your Juice in the Hood ,1996,Brussels,Brussels (Bruxelles),Comedy
Two if by Sea ,1996,Maple Ridge District Municipality,British Columbia,Comedy
Bio-Dome ,1996,Beachwood                   ,OH,Comedy
Lawnmower Man 2: Beyond Cyberspace ,1996,Prince Albert,Saskatchewan,Action
French Twist ,Gazon maudit,Saltsjobaden,Stockholm,Comedy
Friday ,1995,Kemble,England,Comedy
From Dusk Till Dawn ,1996,W Lebanon                   ,NH,Action
Fair Game ,1995,Headley,England,Action
Kicking and Screaming ,1995,Lausanne,Vaud,Comedy
"Misérables, Les ",1995,Southampton,England,Drama
Bed of Roses ,1996,Woodsboro                   ,MD,Drama
Big Bully ,1996,Stavanger,Rogaland,Comedy
Screamers ,1995,Red Deer,Alberta,Action
Nico Icon ,1995,Memphis                     ,TN,Documentary
"Crossing Guard, The ",1995,Morges,Vaud,Action
"Juror, The ",1996,Calgary,Alberta,Drama
"White Balloon, The ",Badkonake sefid,Belleville,Ontario,Children
Things to Do in Denver When You're Dead ,1995,Cincinnati                  ,OH,Crime
Antonia's Line ,Antonia,Comox,British Columbia,Comedy
Once Upon a Time... When We Were Colored ,1995,Gasperich,Luxembourg,Drama
Angels and Insects ,1995,Helens Bay,Northern Ireland,Drama
White Squall ,1996,Milan,Lombardy,Action
Dunston Checks In ,1996,Staten Island               ,NY,Children
Black Sheep ,1996,Oslo,Oslo,Comedy
Nick of Time ,1995,Farmington,Michigan,Action
Mary Reilly ,1996,Santa Monica                ,CA,Drama
Vampire in Brooklyn ,1995,Calgary,Alberta,Comedy
Beautiful Girls ,1996,Vancouver,British Columbia,Comedy
Broken Arrow ,1996,Irvine                      ,CA,Action
In the Bleak Midwinter ,1995,Telgte,Nordrhein-Westfalen,Comedy
Hate ,"Haine, La",Cheltenham,England,Crime
Heidi Fleiss: Hollywood Madam ,1995,Keller                      ,VA,Documentary
City Hall ,1996,Nakskov,Storstrom,Drama
Bottle Rocket ,1996,Honolulu                    ,HI,Adventure
Mr. Wrong ,1996,Bubuieci,Chisinau,Comedy
Unforgettable ,1996,Amelia Island               ,FL,Mystery
Happy Gilmore ,1996,Alliston,Ontario,Comedy
"Bridges of Madison County, The ",1995,La Alberca,Murcia,Drama
Nobody Loves Me ,Keiner liebt mich,Rathgar,Dublin,Comedy
Muppet Treasure Island ,1996,Coral Gables                ,FL,Adventure
Catwalk ,1996,Miami                       ,FL,Documentary
Braveheart ,1995,Vancouver,British Columbia,Action
Taxi Driver ,1976,Jumeira,Dubayy,Crime
Rumble in the Bronx ,Hont faan kui,Englewood                   ,CO,Action
Before and After ,1996,Bournemouth,England,Drama
Anne Frank Remembered ,1995,Genoa                       ,IL,Documentary
"Young Poisoner's Handbook, The ",1995,Al 'Adliyah,Al Manamah,Crime
If Lucy Fell ,1996,Rouen,Upper Normandy,Comedy
"Steal Big, Steal Little ",1995,Parkland                    ,FL,Comedy
"Boys of St. Vincent, The ",1992,San Francisco               ,CA,Drama
Boomerang ,1992,Keller                      ,VA,Comedy
Chungking Express ,Chung Hing sam lam,Tsawwassen,British Columbia,Drama
Flirting With Disaster ,1996,Clinton                     ,NJ,Comedy
"NeverEnding Story III, The ",1994,Owensboro                   ,KY,Adventure
Jupiter's Wife ,1994,Lakewood Village            ,TX,Documentary
Pie in the Sky ,1996,Okotoks,Alberta,Comedy
Jade ,1995,Glimmen,Groningen,Thriller
Down Periscope ,1996,Calgary,Alberta,Comedy
Man of the Year ,1995,Kanata,Ontario,Documentary
Up Close and Personal ,1996,Bergen,Nordrhein-Westfalen,Drama
"Birdcage, The ",1996,College Park                ,MD,Comedy
"Brothers McMullen, The ",1995,Kailua Kona                 ,HI,Comedy
Bad Boys ,1995,Redondo Beach               ,CA,Action
"Amazing Panda Adventure, The ",1995,Fountain Hls                ,AZ,Adventure
"Basketball Diaries, The ",1995,Brisbane,Queensland,Drama
"Awfully Big Adventure, An ",1995,Mahopac                     ,NY,Drama
Amateur ,1994,Ile-Perrot,Quebec,Crime
Apollo 13 ,1995,Bruxelles,Brussels (Bruxelles),Adventure
Rob Roy ,1995,Chicago                     ,IL,Action
"Addiction, The ",1995,Rayford                     ,TX,Drama
Batman Forever ,1995,Escondido                   ,CA,Action
Beauty of the Day ,Belle de jour,Tesvikiye,Istanbul,Drama
Beyond Rangoon ,1995,Centurion,Gauteng,Adventure
Blue in the Face ,1995,York,England,Comedy
Canadian Bacon ,1995,Ashburn                     ,VA,Comedy
Casper ,1995,Los Angeles                 ,CA,Adventure
Clockers ,1995,Edgewood                    ,WA,Crime
Congo ,1995,New York                    ,NY,Action
Crimson Tide ,1995,Basingstoke,England,Drama
Crumb ,1994,Den Haag,Zuid-Holland,Documentary
Desperado ,1995,Marietta                    ,GA,Action
Devil in a Blue Dress ,1995,Houston                     ,TX,Crime
Die Hard: With a Vengeance ,1995,West Orange                 ,NJ,Action
"Doom Generation, The ",1995,Amsterdam,Noord-Holland,Comedy
First Knight ,1995,Downey                      ,CA,Action
Free Willy 2: The Adventure Home ,1995,Urlingford,Kilkenny,Adventure
Hackers ,1995,Holte,Kobenhavn,Action
Jeffrey ,1995,Freienbach,Schwyz,Comedy
Johnny Mnemonic ,1995,Hofheim am Taunus,Hessen,Action
Judge Dredd ,1995,Lafayette                   ,CA,Action
Jury Duty ,1995,Mushrif,,Comedy
Kids ,1995,Nashville                   ,AR,Drama
Living in Oblivion ,1995,New Malden,England,Comedy
Lord of Illusions ,1995,Bishop Auckland,England,Horror
Love & Human Remains ,1993,Navan,Meath,Comedy
Mad Love ,1995,Joppa,MD,Drama
Mallrats ,1995,Joppa,MD,Comedy
Mighty Morphin Power Rangers: The Movie ,1995,Hampton                     ,NJ,Action
Mute Witness ,1994,Louisville                  ,KY,Comedy
Nadja ,1994,Broadlands                  ,VA,Drama
"Net, The ",1995,Yellowknife,Northwest Territories,Action
Nine Months ,1995,Los Angeles                 ,CA,Comedy
Party Girl ,1995,New York                    ,NY,Comedy
"Prophecy, The ",1995,Saint Paul                  ,MN,Fantasy
Reckless ,1995,New York                    ,NY,Comedy
Safe ,1995,Spring Lake Park            ,MN,Thriller
"Scarlet Letter, The ",1995,Winnipeg,Manitoba,Drama
Showgirls ,1995,Seattle                     ,WA,Drama
Smoke ,1995,Deptford                    ,NJ,Comedy
Something to Talk About ,1995,Amsterdam,Noord-Holland,Comedy
Species ,1995,Alpharetta                  ,GA,Horror
Strange Days ,1995,Washington                  ,DC,Action
"Umbrellas of Cherbourg, The ","Parapluies de Cherbourg, Les",Holmenkollen,Oslo,Drama
Three Wishes ,1995,Zekeriyakoy,Istanbul,Drama
Total Eclipse ,1995,Washington                  ,DC,Drama
"To Wong Foo, Thanks for Everything! Julie Newmar ",1995,Montreal,Quebec,Comedy
Under Siege 2: Dark Territory ,1995,Braunschweig,Lower Saxony,Action
Unstrung Heroes ,1995,Athens                      ,GA,Comedy
Unzipped ,1995,Hoschton                    ,GA,Documentary
"Walk in the Clouds, A ",1995,Binningen,Basel-Country,Drama
Waterworld ,1995,Royal Oak                   ,MI,Action
White Man's Burden ,1995,Royal Oak                   ,MI,Drama
Wild Bill ,1995,Belmont                     ,MA,Western
"Browning Version, The ",1994,Old Greenwich               ,CT,Drama
Bushwhacked ,1995,Coconut Grove               ,FL,Adventure
Burnt by the Sun ,Utomlyonnye solntsem,Vienna                      ,VA,Drama
Before the Rain ,Pred dozhdot,San Ramon                   ,CA,Drama
Before Sunrise ,1995,Norfolk                     ,VA,Drama
Billy Madison ,1995,Norfolk                     ,VA,Comedy
"Babysitter, The ",1995,Aberdeen,Scotland,Drama
Boys on the Side ,1995,Charlestown,New South Wales,Comedy
"Cure, The ",1995,Wigan,England,Drama
Castle Freak ,1995,Rockville                   ,MD,Horror
Circle of Friends ,1995,Shreveport                  ,LA,Drama
Clerks ,1994,Shreveport                  ,LA,Comedy
Don Juan DeMarco ,1995,Little Silver               ,NJ,Comedy
Disclosure ,1994,Abbey Town,England,Drama
Drop Zone ,1994,Mid City West               ,PA,Action
Destiny Turns on the Radio ,1995,Atlanta,Georgia,Comedy
Death and the Maiden ,1994,Paris,Ile-de-France,Drama
Dolores Claiborne ,1995,Milton Keynes,England,Drama
Dumb & Dumber ,Dumb and Dumber,Dresden,Saxony,Adventure
Eat Drink Man Woman ,Yin shi nan nu,NYC                         ,NY,Comedy
Exotica ,1994,The Grange,Queensland,Drama
Exit to Eden ,1994,Brookline                   ,MA,Comedy
Ed Wood ,1994,Montreal-Nord,Quebec,Comedy
French Kiss ,1995,Irving                      ,TX,Action
Forget Paris ,1995,Ottawa Hills                ,OH,Comedy
Far From Home: The Adventures of Yellow Dog ,1995,Portola Valley              ,CA,Adventure
"Goofy Movie, A ",1995,Sydney,New South Wales,Animation
Hideaway ,1995,Kearns                      ,UT,Thriller
Fluke ,1995,Wollongong,New South Wales,Children
Farinelli: il castrato ,1994,Brooklyn                    ,NY,Drama
Gordy ,1995,Penngrove                   ,CA,Children
Hoop Dreams ,1994,Lemont                      ,IL,Documentary
Heavenly Creatures ,1994,San Carlos                  ,CA,Crime
Houseguest ,1994,Chicago                     ,IL,Comedy
Immortal Beloved ,1994,Oslo,Oslo,Drama
Heavyweights ,Heavy Weights,Wantagh,NY,Children
"Hunted, The ",1995,Coomera,Queensland,Action
I.Q. ,1994,Fort Oglethorpe             ,GA,Comedy
Interview with the Vampire: The Vampire Chronicles ,1994,Corbin City                 ,NJ,Drama
Jefferson in Paris ,1995,Lakeside                    ,CA,Drama
"Jerky Boys, The ",1995,Margate                     ,FL,Comedy
Junior ,1994,South Palm Beach            ,FL,Comedy
Just Cause ,1995,New York                    ,NY,Mystery
"Kid in King Arthur's Court, A ",1995,Anchorage                   ,AK,Adventure
Kiss of Death ,1995,Mona Vale,New South Wales,Crime
Star Wars: Episode IV - A New Hope ,1977,Castricum,Noord-Holland,Action
Little Women ,1994,North Brunswick             ,NJ,Drama
"Little Princess, A ",1995,Jacksonville                ,FL,Children
Ladybird Ladybird ,1994,Baytown                     ,TX,Drama
Like Water for Chocolate ,Como agua para chocolate,Winter Haven                ,FL,Drama
Legends of the Fall ,1994,Gonzaga Univ                ,WA,Drama
Major Payne ,1995,Malmo,Skane,Comedy
My Crazy Life ,Mi vida loca,San Pawl tat-Targa, ,Drama
Love Affair ,1994,Wiesbaden,Hessen,Drama
Losing Isaiah ,1995,London,England,Drama
"Madness of King George, The ",1994,Stavanger,Rogaland,Comedy
Mary Shelley's Frankenstein ,Frankenstein,Cork,Cork,Drama
Man of the House ,1995,Winchester                  ,MA,Comedy
Mixed Nuts ,1994,Calgary,Alberta,Comedy
Milk Money ,1994,Dallas                      ,TX,Comedy
Miracle on 34th Street ,1994,Malahide,Dublin,Drama
Miami Rhapsody ,1995,Saint Paul                  ,MN,Comedy
My Family ,1995,Edinburgh,Scotland,Drama
Murder in the First ,1995,Naarden,Noord-Holland,Drama
Nobody's Fool ,1994,Oldenburg,Lower Saxony,Comedy
Nell ,1994,Rennes,Brittany,Drama
New Jersey Drive ,1995,Ely                         ,NV,Crime
New York Cop ,Nyû Yôku no koppu,Norfolk                     ,VA,Action
Beyond Bedlam ,1993,Houston                     ,TX,Drama
Nina Takes a Lover ,1994,Chepel,Budapest,Comedy
Natural Born Killers ,1994,Buffalo Grove               ,IL,Action
Only You ,1994,Newburgh,Scotland,Comedy
Once Were Warriors ,1994,Vienna,Vienna,Crime
Poison Ivy II ,1996,Vicenza,Veneto,Drama
Outbreak ,1995,Mechanics Grove             ,PA,Action
Léon: The Professional ,a.k.a. The Professional,Miami                       ,FL,Action
"Perez Family, The ",1995,Silver Spring               ,MD,Comedy
"Pyromaniac's Love Story, A ",1995,Kirriemuir,Scotland,Comedy
Pulp Fiction ,1994,Roquefort,Provence-Alpes-Cote d'Azur,Comedy
Pushing Hands ,Tui shou,Portland                    ,OR,Drama
Priest ,1994,Staten Island               ,NY,Drama
Quiz Show ,1994,San Antonio                 ,TX,Drama
Picture Bride ,Bijo photo,Guildford,England,Drama
Queen Margot ,"Reine Margot, La",Horten,Vestfold,Drama
"Quick and the Dead, The ",1995,Englewood                   ,CO,Action
Roommates ,1995,San Antonio                 ,TX,Comedy
Ready to Wear ,Pret-A-Porter,Princeville                 ,HI,Comedy
Three Colors: Red ,Trois couleurs: Rouge,Castleknock,Dublin,Drama
Three Colors: Blue ,Trois couleurs: Bleu,Castleknock,Dublin,Drama
Three Colors: White ,Trzy kolory: Bialy,Bishops Stortford,England,Comedy
Rent-a-Kid ,1995,Den Haag,Zuid-Holland,Comedy
Relative Fear ,1994,Lafayette                   ,CA,Horror
Stuart Saves His Family ,1995,Blackpool,England,Comedy
"Swan Princess, The ",1994,Hellerup,Kobenhavn,Animation
"Secret of Roan Inish, The ",1994,London,England,Children
"Specialist, The ",1994,N Java                      ,NY,Action
Stargate ,1994,Munich,Bayern,Action
"Santa Clause, The ",1994,Brulon,Pays de la Loire,Comedy
"Shawshank Redemption, The ",1994,Austin                      ,TX,Crime
Shallow Grave ,1994,Midland Park                ,NJ,Comedy
Suture ,1993,Centerport                  ,NY,Film-Noir
Strawberry and Chocolate ,Fresa y chocolate,Neustift am Walde,Vienna,Drama
Swimming with Sharks ,1995,Neustift am Walde,Vienna,Comedy
"Sum of Us, The ",1994,Shorewood                   ,MN,Comedy
National Lampoon's Senior Trip ,1995,Southlake                   ,TX,Comedy
To Live ,Huozhe,Huntington                  ,NY,Drama
Tank Girl ,1995,The Woodlands               ,TX,Action
Tales from the Crypt Presents: Demon Knight ,1995,Kelowna,British Columbia,Horror
Star Trek: Generations ,1994,White House                 ,TN,Adventure
Tales from the Hood ,1995,Rungsted,Frederiksborg,Action
Tom & Viv ,1994,Lake Mahopac                ,NY,Drama
Village of the Damned ,1995,Biot,Provence-Alpes-Cote d'Azur,Horror
Tommy Boy ,1995,Plantation                  ,FL,Comedy
Vanya on 42nd Street ,1994,Killiney,Dublin,Drama
Underneath ,1995,Guer,Brittany,Mystery
"Walking Dead, The ",1995,Arlington                   ,VA,Drama
What's Eating Gilbert Grape ,1993,Three Hills,Alberta,Drama
Virtuosity ,1995,Great Falls,Virginia,Action
While You Were Sleeping ,1995,London,England,Comedy
"War, The ",1994,Clontarf,Dublin,Adventure
Double Happiness ,1994,Vancouver,British Columbia,Drama
Muriel's Wedding ,1994,London,England,Comedy
"Baby-Sitters Club, The ",1995,Dickerson                   ,MD,Children
Ace Ventura: Pet Detective ,1994,Princeton                   ,NJ,Comedy
"Adventures of Priscilla, Queen of the Desert, The ",1994,Calgary,Alberta,Comedy
Backbeat ,1993,North Tustin                ,CA,Drama
Bitter Moon ,1992,Gurgaon,Haryana,Drama
Bullets Over Broadway ,1994,Rambouillet,Ile-de-France,Comedy
Clear and Present Danger ,1994,Gladwyne                    ,PA,Action
"Client, The ",1994,Houston                     ,TX,Drama
"Corrina, Corrina ",1994,London,England,Comedy
Crooklyn ,1994,Slough,England,Comedy
"Crow, The ",1994,Glan-Munchweiler,Rhineland-Palatinate,Action
Cobb ,1994,Downingtown                 ,PA,Drama
"Flintstones, The ",1994,MT Pleasant                 ,TX,Children
Forrest Gump ,1994,Veigy-Foncenex,Rhone-Alpes,Comedy
Four Weddings and a Funeral ,1994,Katy                        ,TX,Comedy
Higher Learning ,1995,Gorey, ,Drama
I Like It Like That ,1994,Belgrade                    ,MT,Comedy
I Love Trouble ,1994,Calgary,Alberta,Action
It Could Happen to You ,1994,Toronto,Ontario,Comedy
"Jungle Book, The ",1994,Corrales                    ,NM,Adventure
"Wonderful, Horrible Life of Leni Riefenstahl, The ","Macht der Bilder: Leni Riefenstahl, Die",Cork,Cork,Documentary
"Lion King, The ",1994,Tenafly                     ,NJ,Adventure
Little Buddha ,1993,Leesburg                    ,VA,Drama
Wes Craven's New Nightmare ,"Nightmare on Elm Street Part 7: Freddy's Finale, A",Alcona,Ontario,Drama
"Mask, The ",1994,Kuala Lumpur,Kuala Lumpur,Action
Maverick ,1994,Sydney,New South Wales,Adventure
Mrs. Parker and the Vicious Circle ,1994,Nerang,Queensland,Drama
Naked Gun 33 1/3: The Final Insult ,1994,Bryceville                  ,FL,Action
"Paper, The ",1994,Saffron Walden,England,Comedy
Reality Bites ,1994,Sutton,Dublin,Comedy
Red Rock West ,1992,Durban,KwaZulu-Natal,Thriller
Richie Rich ,1994,Berkeswell,England,Children
"River Wild, The ",1994,Dryden                      ,VA,Action
Speed ,1994,Santry,Dublin,Action
Speechless ,1994,Barcelona,Catalonia,Comedy
Timecop ,1994,Fayetteville                ,NC,Action
True Lies ,1994,Anse Comeau,Quebec,Action
When a Man Loves a Woman ,1994,Thorlakshofn, ,Drama
Wolf ,1994,Overland                    ,KS,Drama
Wyatt Earp ,1994,King City,Ontario,Western
Bad Company ,1995,Leighton Buzzard,England,Action
"Man of No Importance, A ",1994,Umea,Vasterbotten,Drama
S.F.W. ,1994,Sola,Rogaland,Drama
"Low Down Dirty Shame, A ",1994,Stockton-on-Tees,England,Action
Boys Life ,1995,Senatobia                   ,MS,Drama
"Colonel Chabert, Le ",1994,Berlin,Berlin,Drama
Faster Pussycat! Kill! Kill! ,1965,Waldorf                     ,MD,Action
Jason's Lyric ,1994,Brooklyn                    ,NY,Crime
Street Fighter ,1994,Lakeville                   ,MN,Action
Highlander III: The Sorcerer ,a.k.a. Highlander: The Final Dimension,Saint-Cergues,Rhone-Alpes,Action
Federal Hill ,1994,Vancouver,British Columbia,Drama
In the Mouth of Madness ,1995,Stamford                    ,CT,Horror
8 Seconds ,1994,Rathfarnham,Dublin,Drama
Above the Rim ,1994,Paris,Ile-de-France,Crime
Addams Family Values ,1993,Howell                      ,MI,Children
"Age of Innocence, The ",1993,Encinitas                   ,CA,Drama
Airheads ,1994,Atchison                    ,KS,Comedy
"Air Up There, The ",1994,Mililani                    ,HI,Comedy
Another Stakeout ,1993,Victor                      ,NY,Comedy
Bad Girls ,1994,Fairbanks                   ,AK,Western
Barcelona ,1994,Soro,Vestsjalland,Comedy
Being Human ,1993,Warlingham,England,Drama
"Beverly Hillbillies, The ",1993,Hamburg,Hamburg,Comedy
Beverly Hills Cop III ,1994,Accokeek                    ,MD,Action
Black Beauty ,1994,Sunnyvale                   ,CA,Adventure
Blink ,1994,Ithaca                      ,NY,Thriller
Blown Away ,1994,Houston                     ,TX,Action
Blue Chips ,1994,Farmingtn Hls               ,MI,Drama
Blue Sky ,1994,Brooklyn                    ,NY,Drama
Body Snatchers ,1993,Great Falls                 ,VA,Horror
Boxing Helena ,1993,Gosport,England,Drama
"Bronx Tale, A ",1993,Scottsdale                  ,AZ,Drama
Cabin Boy ,1994,Sunnyvale                   ,CA,Comedy
Calendar Girl ,1993,Songnae-dong,Soul-t'ukpyolsi,Comedy
Carlito's Way ,1993,Clyde Hill                  ,WA,Crime
City Slickers II: The Legend of Curly's Gold ,1994,Ruschlikon,Zurich,Adventure
Clean Slate ,1994,Minneapolis                 ,MN,Comedy
Cliffhanger ,1993,Chicago                     ,IL,Action
Coneheads ,1993,Petworth,England,Comedy
Color of Night ,1994,Abu Dhabi,Abu Zaby,Drama
Cops and Robbersons ,1994,Stockholm,Stockholm,Comedy
"Cowboy Way, The ",1994,Queen Creek                 ,AZ,Action
Dave ,1993,Queen Creek                 ,AZ,Comedy
Dazed and Confused ,1993,Durham                      ,NC,Comedy
Demolition Man ,1993,Austin                      ,TX,Action
Even Cowgirls Get the Blues ,1993,Glenn Dale                  ,MD,Comedy
Fatal Instinct ,1993,Aardal,Sogn og Fjordane,Comedy
Farewell My Concubine ,Ba wang bie ji,Edinburg                    ,TX,Drama
Fearless ,1993,South Melbourne,Victoria,Drama
Fear of a Black Hat ,1994,Fortaleza,Ceara,Comedy
With Honors ,1994,Weston                      ,CT,Comedy
Flesh and Bone ,1993,Reading,England,Drama
Widows' Peak ,1994,Coconut Grove               ,FL,Drama
For Love or Money ,1993,London,England,Comedy
"Firm, The ",1993,San Francisco               ,CA,Drama
Free Willy ,1993,Zug,Zug,Adventure
Fresh ,1994,Scottsdale                  ,AZ,Crime
"Fugitive, The ",1993,Potomac Falls               ,VA,Thriller
Geronimo: An American Legend ,1993,Superior                    ,CO,Drama
"Getaway, The ",1994,London,England,Action
Getting Even with Dad ,1994,Engleside                   ,VA,Comedy
Go Fish ,1994,New Plymouth City,Taranaki,Drama
Hard Target ,1993,Roanoke                     ,VA,Action
Hot Shots! Part Deux ,1993,Norcross                    ,GA,Action
Live Nude Girls ,1995,Sandy Plains                ,GA,Comedy
"Englishman Who Went Up a Hill But Came Down a Mountain, The ",1995,Saint Catharines,Ontario,Comedy
"House of the Spirits, The ",1993,Gainesville                 ,VA,Drama
House Party 3 ,1994,Nordstrand,Oslo,Comedy
"Hudsucker Proxy, The ",1994,Arlington                   ,MA,Comedy
I'll Do Anything ,1994,West Hills                  ,CA,Comedy
In the Army Now ,1994,San Jose                    ,CA,Comedy
In the Line of Fire ,1993,London,England,Action
In the Name of the Father ,1993,Oak Park                    ,MI,Drama
"Inkwell, The ",1994,Terrell Hills               ,TX,Comedy
What's Love Got to Do with It? ,1993,Jumeira,Dubayy,Drama
Jimmy Hollywood ,1994,Falmouth                    ,VA,Comedy
Judgment Night ,1993,Lurgan,Northern Ireland,Action
Jurassic Park ,1993,Richmond                    ,TX,Action
Kalifornia ,1993,Den Haag,Zuid-Holland,Drama
Killing Zoe ,1994,Ooltewah                    ,TN,Crime
Lassie ,1994,Pacific Beach               ,CA,Adventure
Last Action Hero ,1993,Austin                      ,TX,Action
Life with Mikey ,1993,Seattle                     ,WA,Comedy
Lightning Jack ,1994,Seattle                     ,WA,Comedy
M. Butterfly ,1993,Ottawa,Ontario,Drama
Made in America ,1993,Vienna                      ,VA,Comedy
Malice ,1993,Torbay,Auckland,Thriller
"Man Without a Face, The ",1993,Shenfield,England,Drama
Manhattan Murder Mystery ,1993,Bergen,Hordaland,Comedy
Menace II Society ,1993,Bolton,England,Action
Executive Decision ,1996,Sandymount,Dublin,Action
In the Realm of the Senses ,Ai no corrida,Bellinzona,Ticino,Drama
What Happened Was... ,1994,Antwerpen,Antwerpen,Comedy
Much Ado About Nothing ,1993,Campinas,Sao Paulo,Comedy
Mr. Wonderful ,1993,Nacka,Stockholm,Comedy
Mrs. Doubtfire ,1993,Fremont                     ,CA,Comedy
Naked ,1993,Warwick,Queensland,Drama
"Next Karate Kid, The ",1994,Holmdel                     ,NJ,Action
No Escape ,1994,Baltimore                   ,MD,Action
North ,1994,Saggart,Dublin,Comedy
Orlando ,1992,Andover                     ,MA,Drama
"Perfect World, A ",1993,La Crescenta                ,CA,Crime
Philadelphia ,1993,Suwanee                     ,GA,Drama
"Piano, The ",1993,Seattle                     ,WA,Drama
Poetic Justice ,1993,Arlington                   ,VA,Drama
"Program, The ",1993,Calgary,Alberta,Action
"Puppet Masters, The ",1994,Kenmore                     ,WA,Horror
Radioland Murders ,1994,Fresno                      ,CA,Comedy
"Ref, The ",1994,Atascadero                  ,CA,Comedy
"Remains of the Day, The ",1993,Barcelona,Catalonia,Drama
Renaissance Man ,1994,High Wycombe,England,Comedy
Rising Sun ,1993,Tsaritsyno,Moscow City,Action
"Road to Wellville, The ",1994,Ajax,Ontario,Comedy
RoboCop 3 ,1993,New York                    ,NY,Action
Robin Hood: Men in Tights ,1993,Fairfield                   ,IA,Comedy
Romeo Is Bleeding ,1993,North Bay,Ontario,Crime
Romper Stomper ,1992,Marietta                    ,GA,Action
Ruby in Paradise ,1993,Clontarf,Dublin,Drama
Rudy ,1993,Danville                    ,PA,Drama
Savage Nights ,"Nuits fauves, Les",Okotoks,Alberta,Drama
Schindler's List ,1993,Anthem                      ,AZ,Drama
"Scout, The ",1994,Clonmel,Tipperary,Comedy
Searching for Bobby Fischer ,1993,Arlington                   ,VA,Drama
"Secret Garden, The ",1993,Orlando                     ,FL,Children
Serial Mom ,1994,Walnut Creek                ,CA,Comedy
"Shadow, The ",1994,Centennial                  ,CO,Action
Shadowlands ,1993,Newtown                     ,CT,Drama
Short Cuts ,1993,Vancouver,British Columbia,Drama
"Simple Twist of Fate, A ",1994,York,England,Drama
Sirens ,1994,Drogheda,Louth,Drama
Six Degrees of Separation ,1993,Saddle Brook                ,NJ,Drama
Sleepless in Seattle ,1993,San Diego                   ,CA,Comedy
Sliver ,1993,Issaquah                    ,WA,Thriller
Blade Runner ,1982,Bolton,England,Action
Son in Law ,1993,Lexington                   ,MA,Comedy
So I Married an Axe Murderer ,1993,Altadena                    ,CA,Comedy
Striking Distance ,1993,Altadena                    ,CA,Action
Super Mario Bros. ,1993,Davis                       ,CA,Action
Surviving the Game ,1994,Toronto,Ontario,Action
Terminal Velocity ,1994,Pasadena                    ,CA,Action
Thirty-Two Short Films About Glenn Gould ,1993,Buffalo Grove               ,IL,Drama
Threesome ,1994,London,England,Comedy
"Nightmare Before Christmas, The ",1993,Newcastle,Wicklow,Animation
"Three Musketeers, The ",1993,Norwalk                     ,CT,Action
Tombstone ,1993,Besancon,Franche-Comte,Action
True Romance ,1993,Monte-Carlo, ,Crime
"War Room, The ",1993,Monaco, ,Documentary
"Pagemaster, The ",1994,Floyds Knobs                ,IN,Action
Welcome to the Dollhouse ,1995,London,England,Comedy
Germinal ,1993,Marietta                    ,GA,Drama
Chasers ,1994,Marietta                    ,GA,Comedy
Kika ,1993,Hon                         ,HI,Comedy
Bhaji on the Beach ,1993,Knoxville                   ,TN,Comedy
Little Big League ,1994,Knoxville                   ,TN,Comedy
"Ciao, Professore! ",Io speriamo che me la cavo,Edinburgh,Scotland,Drama
Spanking the Monkey ,1994,Paris,Ile-de-France,Comedy
"Little Rascals, The ",1994,Humble                      ,TX,Children
Andre ,1994,Mashpee                     ,MA,Adventure
"Escort, The ","Scorta, La",Hong Kong, ,Crime
Princess Caraboo ,1994,Birmingham                  ,MI,Drama
"Celluloid Closet, The ",1995,St Augustine                ,FL,Documentary
Dear Diary ,Caro Diario,Salt Lake City              ,UT,Comedy
"Brady Bunch Movie, The ",1995,Seattle                     ,WA,Comedy
Home Alone ,1990,Ruti,Zurich,Children
Ghost ,1990,Rogers                      ,AR,Comedy
Aladdin ,1992,Rogers                      ,AR,Adventure
Terminator 2: Judgment Day ,1991,Dun Laoghaire,Dublin,Action
Dances with Wolves ,1990,Perth,Scotland,Adventure
Batman ,1989,London,England,Action
"Silence of the Lambs, The ",1991,Gries,Rhineland-Palatinate,Crime
Snow White and the Seven Dwarfs ,1937,Pietermaritzburg,KwaZulu-Natal,Animation
Beauty and the Beast ,1991,Sutton Valence,England,Animation
Pinocchio ,1940,Lyngby,Kobenhavn,Animation
Pretty Woman ,1990,Alpine                      ,NJ,Comedy
"Wild Bunch, The ",1969,Zurich,Zurich,Adventure
Love and a .45 ,1994,Saskatoon,Saskatchewan,Action
"Great Day in Harlem, A ",1994,Pacific Palisades           ,CA,Documentary
One Fine Day ,1996,Fort Saint James,British Columbia,Drama
Candyman: Farewell to the Flesh ,1995,Versoix,Geneve,Fantasy
Fargo ,1996,Trumansburg                 ,NY,Comedy
Homeward Bound II: Lost in San Francisco ,1996,Kennett Square              ,PA,Adventure
Heavy Metal ,1981,San Jose                    ,CA,Action
Hellraiser: Bloodline ,1996,Ban Khlong Sip,Krung Thep,Action
"Pallbearer, The ",1996,Morro Bay                   ,CA,Comedy
Jane Eyre ,1996,Parramatta,New South Wales,Drama
Bread and Chocolate ,Pane e cioccolata,Dumbleton,England,Comedy
"Aristocats, The ",1970,Altlengbach,Lower Austria,Animation
"Flower of My Secret, The ",La flor de mi secreto,Ballincollig,Cork,Comedy
Two Much ,1995,Ballincollig,Cork,Comedy
Ed ,1996,Zagore,Stara Zagora,Comedy
"Thin Line Between Love and Hate, A ",1996,Vecmilgravis,Riga,Comedy
"Last Supper, The ",1995,Trelex,Vaud,Drama
Primal Fear ,1996,Ornex,Rhone-Alpes,Crime
All Dogs Go to Heaven 2 ,1996,Las Vegas                   ,NV,Adventure
Land and Freedom ,Tierra y libertad,San Anselmo                 ,CA,Drama
Denise Calls Up ,1995,Hannover,Lower Saxony,Comedy
Theodore Rex ,1995,N Woodmere                  ,NY,Comedy
"Family Thing, A ",1996,Madrid,Madrid,Comedy
Frisk ,1995,Castlebar,Mayo,Drama
Sgt. Bilko ,1996,Fairfax                     ,CA,Comedy
Jack and Sarah ,1995,Chandler                    ,AZ,Romance
Girl 6 ,1996,Dammeron Valley             ,UT,Comedy
Diabolique ,1996,Buffalo                     ,NY,Drama
Nelly & Monsieur Arnaud ,1995,Olive Branch                ,MS,Drama
Courage Under Fire ,1996,Warwick                     ,NY,Action
Mission: Impossible ,1996,Gisborne,Victoria,Action
Cold Fever ,Á köldum klaka,San Mateo                   ,CA,Comedy
Moll Flanders ,1996,Milton Keynes,England,Drama
Dragonheart ,1996,Kecskemet,Bacs-Kiskun,Action
Eddie ,1996,Nakskov,Storstrom,Comedy
James and the Giant Peach ,1996,Aloma                       ,FL,Adventure
Fear ,1996,Chandler                    ,AZ,Thriller
Kids in the Hall: Brain Candy ,1996,Kjobenhavn,Staden Kobenhavn,Comedy
Underground ,1995,Stockton,England,Comedy
Bloodsport 2 ,a.k.a. Bloodsport II: The Next Kumite,Cumming                     ,GA,Action
Song of the Little Road ,Pather Panchali,Little Compton              ,RI,Drama
"World of Apu, The ",Apur Sansar,Centennial                  ,CO,Drama
Mystery Science Theater 3000: The Movie ,1996,Centennial                  ,CO,Comedy
Space Jam ,1996,Herndon                     ,VA,Adventure
Barbarella ,1968,Vista                       ,CA,Adventure
Some Folks Call It a Sling Blade ,1993,Oostburg                    ,WI,Drama
"Run of the Country, The ",1995,Griffith,New South Wales,Drama
Alphaville ,"Alphaville, une étrange aventure de Lemmy Caution",Ann Arbor                   ,MI,Drama
It's My Party ,1996,South Jordan                ,UT,Drama
Operation Dumbo Drop ,1995,Dubai,Dubayy,Action
Mrs. Winterbourne ,1996,Dubai,Dubayy,Comedy
Solo ,1996,Kirriemuir,Scotland,Action
"Substitute, The ",1996,Tramore,Waterford,Action
True Crime ,1996,Gdansk,Pomorskie,Mystery
Feeling Minnesota ,1996,Arklow,Wicklow,Drama
Delta of Venus ,1995,Lincoln                     ,NE,Drama
Angus ,1995,Tierp,Uppsala,Comedy
Boys ,1996,Brussels,Brussels (Bruxelles),Drama
"Quest, The ",1996,Burr Oak                    ,IA,Action
Sunset Park ,1996,Wheaton                     ,IL,Drama
Mulholland Falls ,1996,Killeen                     ,TX,Crime
"Truth About Cats & Dogs, The ",1996,Manhattan                   ,NY,Comedy
Oliver & Company ,1988,Oxford,England,Adventure
Celtic Pride ,1996,Paris,Ile-de-France,Comedy
Flipper ,1996,Exeter,England,Adventure
Dead Man ,1995,Rungsted,Frederiksborg,Drama
"Horseman on the Roof, The ","Hussard sur le toit, Le",London,England,Drama
"Visitors, The ","Visiteurs, Les",Borja,Bohol,Comedy
Multiplicity ,1996,London,England,Comedy
Wallace & Gromit: The Best of Aardman Animation ,1996,Jamestown                   ,RI,Adventure
"Haunted World of Edward D. Wood Jr., The ",1996,Owings Mills                ,MD,Documentary
"Craft, The ",1996,Hamilton,Ontario,Drama
"Great White Hype, The ",1996,Anchorage                   ,AK,Comedy
Last Dance ,1996,Mornington,Meath,Drama
Cold Comfort Farm ,1995,Fullerton                   ,CA,Comedy
Heaven's Prisoners ,1996,Atlanta                     ,GA,Crime
"Rock, The ",1996,Toronto,Ontario,Action
Cemetery Man ,Dellamorte Dellamore,Liverpool,England,Horror
Twister ,1996,Ponte San Nicolo,Veneto,Action
Barb Wire ,1996,Las Vegas                   ,NV,Action
Ghost in the Shell ,Kôkaku kidôtai,Rochester Hills             ,MI,Animation
Thinner ,1996,North Bay,Ontario,Horror
Spy Hard ,1996,Lindfield,New South Wales,Comedy
Wallace & Gromit: A Close Shave ,1995,Madrid,Madrid,Animation
"Stupids, The ",1996,Wisconsin Rapids            ,WI,Comedy
"Arrival, The ",1996,Austin                      ,TX,Action
Dr. Strangelove or: How I Learned to Stop Worrying and Love the Bomb ,1964,Chicago                     ,IL,Comedy
Ashes of Time ,Dung che sai duk,Las Vegas                   ,NV,Drama
Maya Lin: A Strong Clear Vision ,1994,Mullingar,Westmeath,Documentary
Stalingrad ,1993,Melbourne,Victoria,Drama
"Phantom, The ",1996,Ayacucho,Buenos Aires,Action
Striptease ,1996,Eagan                       ,MN,Comedy
Heavy ,1995,Vossevangen,Hordaland,Drama
Jack ,1996,Ferney-Voltaire,Rhone-Alpes,Comedy
I Shot Andy Warhol ,1996,Sevilla,Andalucia,Drama
Touki Bouki ,1973,Munchengosserstadt,Thuringia,Drama
Spirits of the Dead ,1968,Lindenhurst                 ,NY,Horror
Trainspotting ,1996,Bloomfield                  ,MI,Comedy
'Til There Was You ,1997,Calgary,Alberta,Drama
Independence Day ,a.k.a. ID4,Vancouver,British Columbia,Action
Stealing Beauty ,1996,Klampenborg,Kobenhavn,Drama
"Fan, The ",1996,Calne,England,Drama
"Hunchback of Notre Dame, The ",1996,Los Angeles                 ,CA,Animation
"Cable Guy, The ",1996,Milano,Lombardy,Comedy
Kingpin ,1996,Kloten,Zurich,Comedy
Eraser ,1996,Fayetteville                ,NC,Action
"Nutty Professor, The ",1996,Simpsonville                ,SC,Comedy
"Unforgettable Summer, An ",Un été inoubliable,Auckland,Auckland,Drama
"Last Klezmer: Leopold Kozlowski, His Life and Music, The ",1994,Reading,England,Documentary
Somebody to Love ,1994,North Caldwell              ,NJ,Drama
Daylight ,1996,Coventry,England,Action
"Frighteners, The ",1996,Orillia,Ontario,Comedy
Lone Star ,1996,Paris,Ile-de-France,Drama
Harriet the Spy ,1996,San Jose                    ,CA,Children
Phenomenon ,1996,Ingelheim-Mitte,Rhineland-Palatinate,Drama
Walking and Talking ,1996,Leamington Spa,England,Comedy
She's the One ,1996,Regensdorf,Zurich,Comedy
"Time to Kill, A ",1996,Melbourne,Victoria,Drama
American Buffalo ,1996,Geneve,Geneve,Crime
Alaska ,1996,Vaucluse,New South Wales,Adventure
Fled ,1996,Klosterneuburg,Lower Austria,Action
Kazaam ,1996,Rancho Cordova              ,CA,Children
Larger Than Life ,1996,Creemore,Ontario,Comedy
"Very Brady Sequel, A ",1996,Sidcup,England,Comedy
"Collector, The ",La collectionneuse,Minneapolis                 ,MN,Drama
Kaspar Hauser ,1993,Phoenix                     ,MD,Drama
"Adventures of Pinocchio, The ",1996,Edmonton,Alberta,Adventure
Joe's Apartment ,1996,Lyndoch,South Australia,Comedy
"First Wives Club, The ",1996,Larchmont                   ,NY,Comedy
Ransom ,1996,Saint Charles               ,IL,Crime
High School High ,1996,Brentwood                   ,TN,Comedy
Foxfire ,1996,Pensacola                   ,FL,Drama
Chain Reaction ,1996,Kelowna,British Columbia,Action
Matilda ,1996,Toronto,Ontario,Children
Emma ,1996,Brondby Strand,Kobenhavn,Comedy
"Crow: City of Angels, The ",1996,Florence,Tuscany,Action
House Arrest ,1996,Perth,Western Australia,Children
Eyes Without a Face ,"Yeux sans visage, Les",Saint Petersburg            ,FL,Horror
Tales from the Crypt Presents: Bordello of Blood ,1996,Aubonne,Vaud,Comedy
"Spitfire Grill, The ",1996,Gava,Catalonia,Drama
Escape from L.A. ,1996,Mc Lean                     ,VA,Action
Basquiat ,1996,Hendersonville              ,TN,Drama
Tin Cup ,1996,Zurich,Zurich,Comedy
"Godfather, The ",1972,Watford,England,Crime
Supercop ,Police Story 3: Supercop,Amsterdam,Noord-Holland,Action
Bound ,1996,Rochester Hills             ,MI,Crime
Carpool ,1996,Anglesea,Victoria,Comedy
Kansas City ,1996,Killarney,New Providence,Crime
Gone Fishin' ,1997,Malibu                      ,CA,Comedy
Nothing to Lose ,1994,Allen                       ,TX,Action
Supercop 2 ,Project S,Evires,Rhone-Alpes,Action
"Relic, The ",1997,Den Haag,Zuid-Holland,Horror
"Island of Dr. Moreau, The ",1996,Perth City,Western Australia,Sci-Fi
First Kid ,1996,Redruth,England,Children
"Trigger Effect, The ",1996,Bruxelles,Brussels (Bruxelles),Drama
Bogus ,1996,London,England,Children
Bulletproof ,1996,Montreal,Quebec,Action
Land Before Time III: The Time of the Great Giving ,1995,Miami Beach                 ,FL,Adventure
1-900 ,6,Shankill,Dublin,Drama
Halloween: The Curse of Michael Myers ,Halloween 6: The Curse of Michael Myers,Oxford,England,Horror
Twelfth Night ,1996,New York                    ,NY,Comedy
Mother Night ,1996,Melbourne,Victoria,Drama
Wild Reeds ,Les roseaux sauvages,Woodland Hills              ,CA,Drama
For Whom the Bell Tolls ,1943,Anchorage                   ,AK,Adventure
"Philadelphia Story, The ",1940,Yorba Linda                 ,CA,Comedy
Singin' in the Rain ,1952,Waiwera,Auckland,Comedy
"American in Paris, An ",1951,Jamaica Plain               ,MA,Musical
Funny Face ,1957,Oslo,Oslo,Comedy
Breakfast at Tiffany's ,1961,Setagaya,Tokyo,Drama
Vertigo ,1958,Donauworth,Bayern,Drama
Rear Window ,1954,Bandon,Cork,Mystery
It Happened One Night ,1934,Ehingen an der Donau,Baden-Wurttemberg,Comedy
Gaslight ,1944,Paris,Ile-de-France,Drama
"Gay Divorcee, The ",1934,Banbury,England,Comedy
North by Northwest ,1959,Beverly Hills               ,CA,Action
"Apartment, The ",1960,Danderyd,Stockholm,Comedy
Some Like It Hot ,1959,Sebastopol                  ,CA,Comedy
Charade ,1963,Glendora                    ,CA,Comedy
Casablanca ,1942,Nacka,Stockholm,Drama
"Maltese Falcon, The ",1941,Canterbury,England,Film-Noir
My Fair Lady ,1964,Neuchatel,Neuchatel,Comedy
Sabrina ,1954,Billings                    ,MT,Comedy
Roman Holiday ,1953,Libertyville                ,IL,Comedy
"Little Princess, The ",1939,Temecula                    ,CA,Children
Meet Me in St. Louis ,1944,Boise                       ,ID,Musical
"Wizard of Oz, The ",1939,Rock Hill                   ,SC,Adventure
Gone with the Wind ,1939,Mililani                    ,HI,Drama
My Favorite Year ,1982,Scamander,Tasmania,Comedy
Sunset Blvd. ,a.k.a. Sunset Boulevard,Freeport City,Freeport,Drama
Citizen Kane ,1941,North Vancouver,British Columbia,Drama
2001: A Space Odyssey ,1968,Ludwigsburg,Baden-Wurttemberg,Adventure
All About Eve ,1950,Rockingham,Western Australia,Drama
"Women, The ",1939,Basel,Basel-Town,Comedy
Rebecca ,1940,Den Haag,Zuid-Holland,Drama
Foreign Correspondent ,1940,Westminster                 ,CO,Drama
Notorious ,1946,Penclawdd,Wales,Film-Noir
Spellbound ,1945,Ede,Gelderland,Mystery
"Affair to Remember, An ",1957,Plan-les-Ouattes,Geneve,Drama
To Catch a Thief ,1955,Stocksund,Stockholm,Crime
Father of the Bride ,1950,Stuttgart,Baden-Wurttemberg,Comedy
"Band Wagon, The ",1953,Tunbridge Wells,England,Comedy
Ninotchka ,1939,Issaquah                    ,WA,Comedy
Love in the Afternoon ,1957,Burnaby,British Columbia,Comedy
Gigi ,1958,Cypress                     ,CA,Musical
"Adventures of Robin Hood, The ",1938,Lititz                      ,PA,Action
"Mark of Zorro, The ",1940,London,England,Adventure
Laura ,1944,Chadds Ford                 ,PA,Crime
"Ghost and Mrs. Muir, The ",1947,St Thomas                   ,VI,Drama
Lost Horizon ,1937,Coppell                     ,TX,Drama
Top Hat ,1935,Ladera Ranch                ,CA,Comedy
To Be or Not to Be ,1942,Rathfarnham,Dublin,Comedy
My Man Godfrey ,1936,Cagliari,Sardinia,Comedy
Giant ,1956,Charlottenlund,Kobenhavn,Drama
East of Eden ,1955,Munchen,Bayern,Drama
"Thin Man, The ",1934,Firenze,Tuscany,Comedy
His Girl Friday ,1940,Baile Atha Bui,Meath,Comedy
Around the World in 80 Days ,1956,Chamonix-Mont-Blanc,Rhone-Alpes,Adventure
It's a Wonderful Life ,1946,Gingins,Vaud,Children
Mr. Smith Goes to Washington ,1939,Boca Raton                  ,FL,Drama
Bringing Up Baby ,1938,Chaska                      ,MN,Comedy
Penny Serenade ,1941,Hghlnds Ranch               ,CO,Drama
Of Human Bondage ,1934,Atlanta                     ,GA,Drama
Little Lord Fauntleroy ,1936,Tenafly                     ,NJ,Drama
"Inspector General, The ",1949,Aberdeen,Scotland,Musical
"39 Steps, The ",1935,Djurgarden,Stockholm,Drama
Night of the Living Dead ,1968,Nashville                   ,TN,Horror
"African Queen, The ",1951,Munich,Bayern,Adventure
Beat the Devil ,1953,Utrecht,Utrecht,Adventure
Cat on a Hot Tin Roof ,1958,Boyceville                  ,WI,Drama
Meet John Doe ,1941,Basauri,Pais Vasco,Comedy
"Farewell to Arms, A ",1932,Melbourne,Victoria,Romance
Nothing Personal ,1995,Kemerburgaz,Istanbul,Drama
Dangerous Ground ,1997,Worcester,England,Drama
Picnic ,1955,Thurles,Tipperary,Drama
"Pompatus of Love, The ",1996,Den Haag,Zuid-Holland,Comedy
Fly Away Home ,1996,Cos Cob                     ,CT,Adventure
Bliss ,1997,Bern,Bern,Drama
Grace of My Heart ,1996,Leicester,England,Comedy
Maximum Risk ,1996,Cornwall,Ontario,Action
Michael Collins ,1996,Sterling                    ,VA,Drama
Infinity ,1996,Cork,Cork,Drama
Big Night ,1996,Mount Forest,Ontario,Comedy
Last Man Standing ,1996,Ridgefield                  ,CT,Action
Set It Off ,1996,Porto Alegre,Rio Grande do Sul,Action
2 Days in the Valley ,1996,Cartierville,Quebec,Crime
Extreme Measures ,1996,Stuttgart,Baden-Wurttemberg,Drama
"Glimmer Man, The ",1996,Manhattan                   ,NY,Action
D3: The Mighty Ducks ,1996,Sneem,Kerry,Children
"Chamber, The ",1996,Alpharetta                  ,GA,Drama
"Apple Dumpling Gang, The ",1975,Sainte-Therese-de-Blainville,Quebec,Children
"Davy Crockett, King of the Wild Frontier ",1955,Germantown                  ,TN,Adventure
Escape to Witch Mountain ,1975,Castleknock,Dublin,Adventure
"Love Bug, The ",1969,Hono                        ,HI,Children
Herbie Rides Again ,1974,New Rochelle                ,NY,Children
Old Yeller ,1957,Calgary,Alberta,Children
"Parent Trap, The ",1961,South Waterford             ,ME,Children
Pollyanna ,1960,Washington Township         ,OH,Children
Homeward Bound: The Incredible Journey ,1993,Guelph,Ontario,Adventure
"Shaggy Dog, The ",1959,Bunbury,Western Australia,Children
Swiss Family Robinson ,1960,Mettlach,Saarland,Adventure
That Darn Cat! ,1965,Oberwil,Basel-Country,Children
"20,000 Leagues Under the Sea ",1954,Beykoz,Istanbul,Adventure
Cool Runnings ,1993,Arc-et-Senans,Franche-Comte,Comedy
Angels in the Outfield ,1994,Grossbodungen,Thuringia,Children
Cinderella ,1950,Bruxelles,Brussels (Bruxelles),Animation
Winnie the Pooh and the Blustery Day ,1968,Kilcornan,Limerick,Animation
"Three Caballeros, The ",1945,Wilmington                  ,NC,Animation
"Sword in the Stone, The ",1963,Aix-en-Provence,Provence-Alpes-Cote d'Azur,Animation
Robin Hood: Prince of Thieves ,1991,Lidingo,Stockholm,Adventure
Mary Poppins ,1964,Edmonton,Alberta,Children
Dumbo ,1941,Antibes,Provence-Alpes-Cote d'Azur,Animation
Pete's Dragon ,1977,Seattle                     ,WA,Adventure
Bedknobs and Broomsticks ,1971,Rowayton                    ,CT,Adventure
Alice in Wonderland ,1951,Simcoe,Ontario,Adventure
"Fox and the Hound, The ",1981,Lebanon                     ,PA,Animation
Freeway ,1996,Birkdale,Queensland,Comedy
"Sound of Music, The ",1965,Brisbane,Queensland,Musical
Die Hard ,1988,Strasbourg,Alsace,Action
"Lawnmower Man, The ",1992,Suchdol,Prague,Action
"Secret Agent, The ",1996,Stuttgart,Baden-Wurttemberg,Drama
Secrets & Lies ,1996,Villanova                   ,PA,Drama
That Thing You Do! ,1996,Norrkoping,Ostergotland,Comedy
To Gillian on Her 37th Birthday ,1996,Zumikon,Zurich,Drama
Beautiful Thing ,1996,Balgach,St Gallen,Drama
"Long Kiss Goodnight, The ",1996,Las Vegas                   ,NV,Action
"Ghost and the Darkness, The ",1996,Prague,Central Bohemia,Action
Looking for Richard ,1996,Warwick                     ,NY,Documentary
Trees Lounge ,1996,Silver Spring               ,MD,Drama
Normal Life ,1996,Sacramento                  ,CA,Crime
Get on the Bus ,1996,Blarney,Cork,Drama
Shadow Conspiracy ,1997,Ballyneety,Limerick,Thriller
Jude ,1996,Haymarket                   ,VA,Drama
Everyone Says I Love You ,1996,George Town, ,Comedy
William Shakespeare's Romeo + Juliet ,1996,Scottsdale                  ,AZ,Drama
Swingers ,1996,Cambridge                   ,MA,Comedy
Sleepers ,1996,Chalfont Saint Peter,England,Thriller
Aladdin and the King of Thieves ,1996,Birmingham,England,Animation
Shall We Dance ,1937,Den Haag,Zuid-Holland,Comedy
Crossfire ,1947,Den Haag,Zuid-Holland,Crime
Willy Wonka & the Chocolate Factory ,1971,Newmarket,Cork,Children
"Innocents, The ",1961,Irpin',Kiev,Drama
Sleeper ,1973,Grosseto,Tuscany,Comedy
Bananas ,1971,Pembroke Pines              ,FL,Comedy
"Fish Called Wanda, A ",1988,Waterford,Ontario,Comedy
Monty Python's Life of Brian ,1979,Carouge,Geneve,Comedy
Victor/Victoria ,1982,Chester                     ,CT,Comedy
"Candidate, The ",1972,Reston                      ,VA,Drama
"Great Race, The ",1965,Milan,Lombardy,Comedy
Bonnie and Clyde ,1967,Vancouver,British Columbia,Crime
"Old Man and the Sea, The ",1958,Alpharetta                  ,GA,Adventure
Dial M for Murder ,1954,Ringgold                    ,GA,Crime
Dirty Dancing ,1987,Wall                        ,NJ,Drama
Reservoir Dogs ,1992,Powell River,British Columbia,Crime
Platoon ,1986,Huntington Beach            ,CA,Drama
Weekend at Bernie's ,1989,Los Gatos                   ,CA,Comedy
Basic Instinct ,1992,Oslo,Oslo,Crime
"Doors, The ",1991,Oxford,England,Drama
"Crying Game, The ",1992,Alexandria                  ,VA,Drama
Glengarry Glen Ross ,1992,Rome,Lazio,Drama
Sophie's Choice ,1982,Random Lake                 ,WI,Drama
E.T. the Extra-Terrestrial ,1982,San Francisco               ,CA,Children
"Christmas Carol, A ",1938,Baluan,General Santos,Children
Days of Thunder ,1990,Brussels,Brussels (Bruxelles),Action
Top Gun ,1986,Bedford Corners             ,NY,Action
Rebel Without a Cause ,1955,Istanbul,Istanbul,Drama
"Streetcar Named Desire, A ",1951,Hilversum,Noord-Holland,Drama
Children of the Corn IV: The Gathering ,1996,Milford                     ,ME,Horror
Loser ,1991,Vancouver,British Columbia,Comedy
Microcosmos ,Microcosmos: Le peuple de l'herbe,Kidderminster,England,Documentary
Palookaville ,1996,Lausanne,Vaud,Action
"Funeral, The ",1996,Claygate,England,Crime
"Single Girl, A ","Fille seule, La",Laasby,Arhus,Drama
"Eighth Day, The ","Huitième jour, Le",Budaors,Pest,Drama
Drunks ,1995,London,England,Drama
"People vs. Larry Flynt, The ",1996,Santo Domingo City,Distrito Nacional,Comedy
Glory Daze ,1995,Croton On Hudson            ,NY,Drama
"Perfect Candidate, A ",1996,Vespasiano,Minas Gerais,Documentary
On Golden Pond ,1981,Nashville                   ,TN,Drama
"Return of the Pink Panther, The ",1975,Ottawa,Ontario,Comedy
Drop Dead Fred ,1991,Naples                      ,FL,Comedy
"Abyss, The ",1989,Bridgewater                 ,NJ,Action
"Fog, The ",1980,Washington                  ,DC,Horror
Escape from New York ,1981,Hagen,Lorraine,Action
"Howling, The ",1980,Taicheng,Guangdong,Horror
Jean de Florette ,1986,Groningen,Groningen,Drama
Manon of the Spring ,Manon des sources,Villars,Vaud,Drama
Private Benjamin ,1980,Huntersville                ,NC,Comedy
Monty Python and the Holy Grail ,1975,Cartersburg                 ,IN,Adventure
Hustler White ,1996,Flower Mound                ,TX,Romance
Entertaining Angels: The Dorothy Day Story ,1996,Rochester                   ,MI,Drama
"Line King: The Al Hirschfeld Story, The ",1996,Dubai,Dubayy,Documentary
When We Were Kings ,1996,Langnau,Zurich,Documentary
Wallace & Gromit: The Wrong Trousers ,1993,Mission,British Columbia,Animation
"Return of Martin Guerre, The ","Retour de Martin Guerre, Le",Columbus                    ,OH,Drama
Lesson Faust ,1994,Clondalkin,Dublin,Animation
"Children Are Watching Us, The ","Bambini ci guardano, I",Harold's Cross,Dublin,Drama
"Tin Drum, The ","Blechtrommel, Die",Sag Harbor                  ,NY,Drama
"Ruling Class, The ",1972,San Diego                   ,CA,Comedy
Mina Tannenbaum ,1994,Wilmington                  ,DE,Drama
Dear God ,1996,Toronto,Ontario,Comedy
Best of the Best 3: No Turning Back ,1995,Issaquah                    ,WA,Action
Bob Roberts ,1992,Phuket,Phuket,Comedy
Cinema Paradiso ,Nuovo cinema Paradiso,Athina,Attiki,Drama
"Cook the Thief His Wife & Her Lover, The ",1989,Geneve,Geneve,Comedy
Delicatessen ,1991,Chichester,England,Comedy
"Double Life of Veronique, The ","Double Vie de Véronique, La",Massagno,Ticino,Drama
Enchanted April ,1992,Cardiff,Wales,Drama
Paths of Glory ,1957,Ferney-Voltaire,Rhone-Alpes,Drama
"Grifters, The ",1990,Mableton                    ,GA,Crime
Hear My Song ,1991,San Diego                   ,CA,Comedy
"English Patient, The ",1996,La Louviere,Hainaut,Drama
Mediterraneo ,1991,Minneapolis                 ,MN,Comedy
My Left Foot ,1989,Mafra,Santa Catarina,Drama
"Sex, Lies, and Videotape ",1989,Ashford,England,Drama
Passion Fish ,1992,Edmonton,Alberta,Drama
Strictly Ballroom ,1992,London,England,Comedy
"Thin Blue Line, The ",1988,Lucca,Tuscany,Documentary
Tie Me Up! Tie Me Down! ,¡Átame!,Perth,Western Australia,Crime
Madonna: Truth or Dare ,1991,Arlington                   ,VA,Documentary
Paris Is Burning ,1990,Calgary,Alberta,Documentary
One Flew Over the Cuckoo's Nest ,1975,Chiefland                   ,FL,Drama
Cheech and Chong's Up in Smoke ,1978,Stavenger,Rogaland,Comedy
Star Wars: Episode V - The Empire Strikes Back ,1980,Begnins,Vaud,Action
"Princess Bride, The ",1987,Newton                      ,MA,Action
Raiders of the Lost Ark ,Indiana Jones and the Raiders of the Lost Ark,Den Haag,Zuid-Holland,Action
Brazil ,1985,Berikon,Aargau,Fantasy
Aliens ,1986,Santa Barbaraa,Heredia,Action
"Good, the Bad and the Ugly, The ","Buono, il brutto, il cattivo, Il",Churra,Murcia,Action
Withnail & I ,1987,Castle Rock                 ,CO,Comedy
12 Angry Men ,1957,Zug,Zug,Drama
Lawrence of Arabia ,1962,Ashford,England,Adventure
"Clockwork Orange, A ",1971,Rockville                   ,MD,Crime
To Kill a Mockingbird ,1962,Madrid,Madrid,Drama
Apocalypse Now ,1979,Aasgaardstrand,Vestfold,Action
Once Upon a Time in the West ,C'era una volta il West,Milano,Lombardy,Action
Star Wars: Episode VI - Return of the Jedi ,1983,Anieres,Geneve,Action
Wings of Desire ,"Himmel über Berlin, Der",Fresno                      ,TX,Drama
"Third Man, The ",1949,Fresno                      ,TX,Film-Noir
Goodfellas ,1990,Warwick,Quebec,Crime
Alien ,1979,Watford,England,Horror
Army of Darkness ,1993,Waterford,Waterford,Action
"Big Blue, The ","Grand bleu, Le",Pruszkow,Mazowieckie,Adventure
Ran ,1985,Hamilton,Hamilton,Drama
"Killer, The ",Die xue shuang xiong,Ottawa,Ontario,Action
Psycho ,1960,Montgomery                  ,TX,Crime
"Blues Brothers, The ",1980,Tokyo,Tokyo,Action
"Godfather: Part II, The ",1974,Manteno                     ,IL,Crime
Full Metal Jacket ,1987,Benoni,Gauteng,Drama
"Grand Day Out with Wallace and Gromit, A ",1989,Winter Haven                ,FL,Adventure
Henry V ,1989,Tranby,Buskerud,Action
Amadeus ,1984,Cork,Cork,Drama
"Quiet Man, The ",1952,Fort Lauderdale             ,FL,Drama
Once Upon a Time in America ,1984,Cranberry Twp               ,PA,Crime
Raging Bull ,1980,Arlington                   ,VA,Drama
Annie Hall ,1977,Lake Ronkonkoma,NY,Comedy
"Right Stuff, The ",1983,Alexandria                  ,VA,Drama
Stalker ,1979,Lipari,Sicilia,Drama
"Boot, Das ","Boat, The",Lipari,Sicilia,Action
"Sting, The ",1973,Lipari,Sicilia,Comedy
Harold and Maude ,1971,Bluffton                    ,SC,Comedy
Trust ,1990,Winter Spgs                 ,FL,Comedy
"Seventh Seal, The ","Sjunde inseglet, Det",Chelmsford                  ,MA,Drama
Local Hero ,1983,Cabinteely,Dublin,Comedy
"Terminator, The ",1984,Toronto,Ontario,Action
Dead Alive ,Braindead,Cincinnati                  ,OH,Comedy
Glory ,1989,Houston                     ,TX,Drama
Rosencrantz and Guildenstern Are Dead ,1990,Rodeo                       ,CA,Comedy
Manhattan ,1979,Poughkeepsie                ,NY,Comedy
Miller's Crossing ,1990,Cincinnati                  ,OH,Crime
Dead Poets Society ,1989,North Eastham               ,MA,Drama
"Graduate, The ",1967,Sitka                       ,AK,Comedy
Touch of Evil ,1958,Carcross,Yukon Territory,Crime
"Femme Nikita, La ",Nikita,Taby,Stockholm,Action
"Bridge on the River Kwai, The ",1957,Calgary,Alberta,Adventure
8 1/2,8½,Alcobendas,Madrid,Drama
Chinatown ,1974,Chicago                     ,IL,Crime
"Day the Earth Stood Still, The ",1951,Sammamish                   ,WA,Drama
"Treasure of the Sierra Madre, The ",1948,Waiau Pa,Auckland,Action
Bad Taste ,1987,Ewa Beach                   ,HI,Comedy
Duck Soup ,1933,Statesville                 ,NC,Comedy
Better Off Dead... ,1985,Kapaa                       ,HI,Comedy
"Shining, The ",1980,Burbank                     ,CA,Horror
Stand by Me ,1986,Oegstgeest,Zuid-Holland,Adventure
M ,1931,Blackrock,Dublin,Crime
Evil Dead II ,Dead by Dawn,WalcProduct3ee,Tyrol,Action
"Great Escape, The ",1963,Foxrock,Dublin,Action
"Deer Hunter, The ",1978,Hilton Head                 ,SC,Drama
Diva ,1981,Valley Center               ,CA,Action
Groundhog Day ,1993,Swampscott                  ,MA,Comedy
Unforgiven ,1992,Edinburgh,Scotland,Drama
"Manchurian Candidate, The ",1962,San Antonio                 ,TX,Crime
Pump Up the Volume ,1990,Bristol                     ,RI,Comedy
Arsenic and Old Lace ,1944,Perth,Western Australia,Comedy
Back to the Future ,1985,Greenville                  ,TX,Adventure
Fried Green Tomatoes ,1991,Pls Vrds Est                ,CA,Comedy
Patton ,1970,Hradec Kralove,East Bohemia,Drama
Down by Law ,1986,Maidstone,England,Comedy
Akira ,1988,Saint Albans,England,Action
Highlander ,1986,Voluntari,Bucuresti,Action
Cool Hand Luke ,1967,Nadur, ,Drama
Cyrano de Bergerac ,1990,Morrison                    ,CO,Comedy
Young Frankenstein ,1974,Cobham,England,Comedy
Night on Earth ,1991,Izmir,Izmir,Comedy
Raise the Red Lantern ,Da hong deng long gao gao gua,Hollywood                   ,CA,Drama
"Great Dictator, The ",1940,Brighton,England,Comedy
Fantasia ,1940,Hawera,Taranaki,Animation
High Noon ,1952,Worongary,Queensland,Drama
"Big Sleep, The ",1946,Atlantida,Guatemala,Crime
Heathers ,1989,El Escorial,Madrid,Comedy
Somewhere in Time ,1980,Morrison                    ,CO,Drama
Ben-Hur ,1959,Augusta                     ,GA,Action
This Is Spinal Tap ,1984,Avalon,New South Wales,Comedy
Koyaanisqatsi ,a.k.a. Koyaanisqatsi: Life Out of Balance,Sydney,New South Wales,Documentary
Some Kind of Wonderful ,1987,Lahti,Etela-Suomen Laani,Drama
Indiana Jones and the Last Crusade ,1989,Inner City,Vienna,Action
Being There ,1979,Baden,Aargau,Comedy
Gandhi ,1982,Huddersfield,England,Drama
"Unbearable Lightness of Being, The ",1988,Belfast,Northern Ireland,Drama
"Room with a View, A ",1986,Black River,Black River,Drama
Real Genius ,1985,Skaneateles                 ,NY,Comedy
Pink Floyd: The Wall ,1982,Haverhill,England,Drama
"Killing Fields, The ",1984,Madison                     ,WI,Drama
